{"cameraMode":{"drawMode":0,"name":"Shaded","section":"Shading Mode"},"sceneLighting":true,"audioPlay":false,"sceneViewState":{"showFog":true,"showMaterialUpdate":true,"showSkybox":true,"showFlares":true,"showImageEffects":true,"showParticleSystems":true},"in2DMode":false,"pivot":{"x":-10.378070831298829,"y":3.058161735534668,"z":4.778514862060547},"rotation":{"x":0.11657398194074631,"y":-0.22585542500019074,"z":0.027232669293880464,"w":0.9667817950248718},"size":42.86555862426758,"orthographic":false}