{"cameraMode":{"drawMode":0,"name":"Shaded","section":"Shading Mode"},"sceneLighting":true,"audioPlay":false,"sceneViewState":{"showFog":true,"showMaterialUpdate":true,"showSkybox":true,"showFlares":true,"showImageEffects":true,"showParticleSystems":true},"in2DMode":false,"pivot":{"x":4.034387588500977,"y":-0.34401512145996096,"z":4.9557294845581059},"rotation":{"x":0.23382458090782166,"y":0.08794889599084854,"z":-0.021243048831820489,"w":0.9680597186088562},"size":13.147650718688965,"orthographic":false}